TX_dBm,Energia_W,Throughput_Mbps
20.0,783.0,337.5
23.0,804.6,388.125
26.0,826.1999999999999,438.75
29.0,847.8000000000001,489.375
32.0,869.4,540.0
