{
  "topologia": "Toy5",
  "vazao_media_mbps_todas_potencias": 16.399878933333333,
  "delay_medio_ms_todas_potencias": 1801.6698507167666,
  "cnproc_medio_gops_todas_potencias": 260.30678226999754,
  "potencias_encontradas_dbm": [
    6,
    16,
    26,
    36,
    46,
    56
  ]
}