{
  "topologia": "Toy5",
  "vazao_media_mbps_todas_potencias": 11.2886774,
  "delay_medio_ms_todas_potencias": 1188.7960585622138,
  "cnproc_medio_gops_todas_potencias": 174.14897011961656,
  "potencias_encontradas_dbm": [
    6,
    16,
    26,
    36,
    46,
    56
  ]
}