TX_dBm,Energia_W,Throughput_Mbps
20.0,1089.0,281.25
23.0,1110.6000000000001,323.4375
26.0,1132.2,365.625
29.0,1153.8,407.8125
32.0,1175.3999999999999,450.0
