{
  "topologia": "Toy1",
  "vazao_media_mbps_todas_potencias": 11.549790033333332,
  "delay_medio_ms_todas_potencias": 1766.8678082502263,
  "cnproc_medio_gops_todas_potencias": 366.72040110525967,
  "potencias_encontradas_dbm": [
    6,
    16,
    26,
    36,
    46,
    56
  ]
}