{
  "topologia": "Toy2",
  "vazao_media_mbps_todas_potencias": 17.163346533333335,
  "delay_medio_ms_todas_potencias": 1789.8113245313486,
  "cnproc_medio_gops_todas_potencias": 166.2717608022244,
  "potencias_encontradas_dbm": [
    6,
    16,
    26,
    36,
    46,
    56
  ]
}