{
  "power_axis_dbm": [
    6,
    16,
    26,
    36,
    46,
    56
  ],
  "solucoes": [
    "Solução1",
    "Solução2",
    "Solução3",
    "Solução4",
    "Solução5",
    "Solução6"
  ],
  "vazao_mbps": {
    "Solução1": [
      10.3703786,
      11.8096392,
      13.3442734,
      10.9041038,
      13.5193984,
      9.3509468
    ],
    "Solução2": [
      14.620577,
      19.1130294,
      15.586018,
      16.5615914,
      17.2741254,
      19.824738
    ],
    "Solução3": [
      16.0849002,
      17.4325306,
      18.953484,
      15.7828736,
      16.5432236,
      19.3386274
    ],
    "Solução4": [
      12.376005600000001,
      13.7439524,
      12.435157199999999,
      14.1005524,
      14.726255199999999,
      14.8527086
    ],
    "Solução5": [
      17.2226762,
      15.2375208,
      15.4296884,
      16.022893800000002,
      18.5430842,
      15.943410199999999
    ],
    "Solução6": [
      18.911417399999998,
      20.1682024,
      18.1530594,
      15.5102646,
      20.4440436,
      14.2550132
    ]
  },
  "delay_ms": {
    "Solução1": [
      1818.7209259566184,
      1782.5628336140014,
      1697.2846175620966,
      1773.973471988185,
      1823.1394309399277,
      1705.5255694405282
    ],
    "Solução2": [
      1704.342652319054,
      1893.4155691583858,
      1766.911489222158,
      1813.87008266458,
      1806.6553492785115,
      1753.6728045454017
    ],
    "Solução3": [
      1929.1238453923283,
      1843.3636542830336,
      1903.817305092486,
      1910.7084149580016,
      1905.7066874375516,
      1904.0830852225502
    ],
    "Solução4": [
      2040.4872693547343,
      1976.0423640462288,
      1866.302276539683,
      1847.2691920612456,
      1927.1999797580804,
      1759.4387567704257
    ],
    "Solução5": [
      1853.7538793025685,
      1830.7178833010155,
      1846.5248696263016,
      1736.2003893723415,
      1826.1333389787874,
      1716.6887437195855
    ],
    "Solução6": [
      1872.5793759642995,
      1700.496570139244,
      1763.7917585337386,
      1586.8653253184782,
      1741.373493232592,
      1696.2353434440645
    ]
  },
  "custo_gops": {
    "Solução1": [
      388.4576103792633,
      371.0272347284756,
      363.59342145609776,
      358.83237588701667,
      361.1024139037122,
      357.30935027699223
    ],
    "Solução2": [
      185.8952862282191,
      166.20021116471142,
      163.07005819851742,
      161.69136684961433,
      159.49641932888207,
      161.27722304340207
    ],
    "Solução3": [
      103.94317329747709,
      80.34657086190109,
      76.92789971747341,
      74.18131383283125,
      75.12724570660124,
      73.80982883651849
    ],
    "Solução4": [
      166.41237731720452,
      148.96854000461002,
      145.996840408589,
      147.1118901462284,
      148.3477626817836,
      145.206739183722
    ],
    "Solução5": [
      285.8918263864668,
      260.6026575959222,
      256.34421530636365,
      255.55262384207077,
      254.61261284149668,
      248.8367576476652
    ],
    "Solução6": [
      232.41444368303857,
      217.95316529534665,
      204.75847390766833,
      203.9791557742668,
      202.5649903790439,
      217.86411827418362
    ]
  }
}